"","x"
"1","|process               | Difference of means for Carbon Balance (tCO2/m3)|"
"2","|:---------------------|------------------------------------------------:|"
"3","|Avoided emiss.        |                                        0.9190009|"
"4","|C storage in products |                                        0.7683835|"
"5","|End-of-life emiss.    |                                        0.3145398|"
"6","|Forestry emiss.       |                                        1.2378471|"
"7","|Harvest residues      |                                       -1.0235603|"
"8","|Live biomass          |                                       -2.1576532|"
"9","|Maintenance emiss.    |                                        0.4096241|"
"10","|Manufacturing emiss.  |                                        0.8235780|"
"11","|Soil carbon           |                                       -2.1576532|"
